{
  "ae": {
    "4": [
      68.80976867675781,
      0.3392763137817383
    ],
    "8": [
      64.21109771728516,
      0.2870766222476959
    ],
    "16": [
      64.1535415649414,
      0.3752650320529938
    ],
    "32": [
      64.44683837890625,
      0.3685426712036133
    ]
  },
  "diffae": {
    "4": [
      67.7190170288086,
      0.3432973623275757
    ],
    "8": [
      67.6262435913086,
      0.22035886347293854
    ],
    "16": [
      67.66160583496094,
      0.5144082307815552
    ],
    "32": [
      68.14558410644531,
      0.4486294984817505
    ]
  },
  "baseline_mean": 58.235748291015625,
  "baseline_std": 1.658973217010498
}